{"cameraMode":{"drawMode":0,"name":"Shaded","section":"Shading Mode"},"sceneLighting":true,"audioPlay":false,"sceneViewState":{"showFog":true,"showMaterialUpdate":true,"showSkybox":true,"showFlares":true,"showImageEffects":true,"showParticleSystems":true},"in2DMode":false,"pivot":{"x":2.4600744247436525,"y":2.8091506958007814,"z":1.1474504470825196},"rotation":{"x":-0.04265955463051796,"y":-0.9573370218276978,"z":0.20287324488162995,"w":-0.20131665468215943},"size":18.823637008666993,"orthographic":false}