{"cameraMode":{"drawMode":0,"name":"Shaded","section":"Shading Mode"},"sceneLighting":false,"audioPlay":false,"sceneViewState":{"showFog":true,"showMaterialUpdate":true,"showSkybox":false,"showFlares":true,"showImageEffects":true,"showParticleSystems":true},"in2DMode":false,"pivot":{"x":-2.713277816772461,"y":-0.1270611435174942,"z":-2.3300063610076906},"rotation":{"x":-0.3904514014720917,"y":-0.10325778275728226,"z":0.044124752283096316,"w":-0.9137496948242188},"size":0.8720281720161438,"orthographic":false}