{"cameraMode":{"drawMode":0,"name":"Shaded","section":"Shading Mode"},"sceneLighting":false,"audioPlay":false,"sceneViewState":{"showFog":true,"showMaterialUpdate":true,"showSkybox":false,"showFlares":true,"showImageEffects":true,"showParticleSystems":true},"in2DMode":false,"pivot":{"x":-8.007377624511719,"y":1.297593116760254,"z":-4.579999923706055},"rotation":{"x":0.2213662564754486,"y":0.6740802526473999,"z":-0.22324615716934205,"w":0.6684115529060364},"size":11.072266578674317,"orthographic":false}